"file","caption","alt_text","category","png_time","StartTime"
"bio1_sizeatage.png","Length at age in the beginning of the year (or season) in the ending year of the model. Shaded area indicates 95% distribution of length at age around estimated growth curve.",NA,"Bio",2023-07-10 14:21:18,"StartTime: Wed Jun 21 19:56:42 2023"
"bio2_sizeatage_plus_CV_and_SD.png","Length at age (top-left panel) with CV (thick line) and SD (thin line) of length at age shown in top-right and lower-left panels",NA,"Bio",2023-07-10 14:21:18,"StartTime: Wed Jun 21 19:56:42 2023"
"bio3_sizeatage_plus_WT_and_MAT.png","Length at age (top-left panel) with weight (thick line) and maturity (thin line) shown in top-right and lower-left panels",NA,"Bio",2023-07-10 14:21:18,"StartTime: Wed Jun 21 19:56:42 2023"
"bio1B_len_at_age_matrix_1.png","Distribution of length at age for seas: 1 sub_seas: 1 morph: 1",NA,"Bio",2023-07-10 14:21:18,"StartTime: Wed Jun 21 19:56:42 2023"
"bio1B_len_at_age_matrix_2.png","Distribution of length at age for seas: 1 sub_seas: 1 morph: 2",NA,"Bio",2023-07-10 14:21:18,"StartTime: Wed Jun 21 19:56:42 2023"
"bio1B_len_at_age_matrix_3.png","Distribution of length at age for seas: 1 sub_seas: 2 morph: 1",NA,"Bio",2023-07-10 14:21:18,"StartTime: Wed Jun 21 19:56:42 2023"
"bio1B_len_at_age_matrix_4.png","Distribution of length at age for seas: 1 sub_seas: 2 morph: 2",NA,"Bio",2023-07-10 14:21:18,"StartTime: Wed Jun 21 19:56:42 2023"
"bio5_weightatsize.png","Weight-length relationship",NA,"Bio",2023-07-10 14:21:18,"StartTime: Wed Jun 21 19:56:42 2023"
"bio6_maturity.png","Maturity at length",NA,"Bio",2023-07-10 14:21:18,"StartTime: Wed Jun 21 19:56:42 2023"
"bio8_fecundity_wt.png","Fecundity as a function of weight",NA,"Bio",2023-07-10 14:21:18,"StartTime: Wed Jun 21 19:56:42 2023"
"bio9_fecundity_len.png","Fecundity as a function of length",NA,"Bio",2023-07-10 14:21:18,"StartTime: Wed Jun 21 19:56:42 2023"
"bio10_spawningoutput_len.png","Spawning output at length. This is the product of maturity and fecundity unless maturity is age-based, in which case only fecundity is represented.",NA,"Bio",2023-07-10 14:21:18,"StartTime: Wed Jun 21 19:56:42 2023"
"bio11_spawningoutput_age.png","Spawning output at age. This is the product of maturity and fecundity. When these processes are length-based they are converted into the age dimension using the matrix of length at age.",NA,"Bio",2023-07-10 14:21:18,"StartTime: Wed Jun 21 19:56:42 2023"
"sel01_multiple_fleets_length1.png","Selectivity at length for multiple fleets.",NA,"Sel",2023-07-10 14:21:18,"StartTime: Wed Jun 21 19:56:42 2023"
"sel02_multiple_fleets_age1.png","Selectivity at age for multiple fleets.",NA,"Sel",2023-07-10 14:21:18,"StartTime: Wed Jun 21 19:56:42 2023"
"sel02_multiple_fleets_age2.png","Selectivity at age derived from selectivity at length for multiple fleets.",NA,"Sel",2023-07-10 14:21:18,"StartTime: Wed Jun 21 19:56:42 2023"
"sel03_len_timevary_surf_flt1sex1.png","Surface plot of Female time-varying selectivity for North",NA,"Sel",2023-07-10 14:21:18,"StartTime: Wed Jun 21 19:56:42 2023"
"sel04_len_timevary_contour_flt1sex1.png","Countour plot of Female time-varying selectivity for North",NA,"Sel",2023-07-10 14:21:18,"StartTime: Wed Jun 21 19:56:42 2023"
"sel05_timevary_ret_surf_flt1sex1.png","Surface plot of Female time-varying retention for North",NA,"Sel",2023-07-10 14:21:18,"StartTime: Wed Jun 21 19:56:42 2023"
"sel06_timevary_ret_contour_flt1sex1.png","Countour plot of Female time-varying retention for North",NA,"Sel",2023-07-10 14:21:18,"StartTime: Wed Jun 21 19:56:42 2023"
"sel09_len_flt1sex1.png","Female ending year selectivity for North",NA,"Sel",2023-07-10 14:21:18,"StartTime: Wed Jun 21 19:56:42 2023"
"sel03_len_timevary_surf_flt1sex2.png","Surface plot of Male time-varying selectivity for North",NA,"Sel",2023-07-10 14:21:18,"StartTime: Wed Jun 21 19:56:42 2023"
"sel04_len_timevary_contour_flt1sex2.png","Countour plot of Male time-varying selectivity for North",NA,"Sel",2023-07-10 14:21:18,"StartTime: Wed Jun 21 19:56:42 2023"
"sel05_timevary_ret_surf_flt1sex2.png","Surface plot of Male time-varying retention for North",NA,"Sel",2023-07-10 14:21:18,"StartTime: Wed Jun 21 19:56:42 2023"
"sel06_timevary_ret_contour_flt1sex2.png","Countour plot of Male time-varying retention for North",NA,"Sel",2023-07-10 14:21:18,"StartTime: Wed Jun 21 19:56:42 2023"
"sel09_len_flt1sex2.png","Male ending year selectivity for North",NA,"Sel",2023-07-10 14:21:18,"StartTime: Wed Jun 21 19:56:42 2023"
"sel03_len_timevary_surf_flt2sex1.png","Surface plot of Female time-varying selectivity for South",NA,"Sel",2023-07-10 14:21:18,"StartTime: Wed Jun 21 19:56:42 2023"
"sel04_len_timevary_contour_flt2sex1.png","Countour plot of Female time-varying selectivity for South",NA,"Sel",2023-07-10 14:21:18,"StartTime: Wed Jun 21 19:56:42 2023"
"sel05_timevary_ret_surf_flt2sex1.png","Surface plot of Female time-varying retention for South",NA,"Sel",2023-07-10 14:21:18,"StartTime: Wed Jun 21 19:56:42 2023"
"sel06_timevary_ret_contour_flt2sex1.png","Countour plot of Female time-varying retention for South",NA,"Sel",2023-07-10 14:21:18,"StartTime: Wed Jun 21 19:56:42 2023"
"sel09_len_flt2sex1.png","Female ending year selectivity for South",NA,"Sel",2023-07-10 14:21:18,"StartTime: Wed Jun 21 19:56:42 2023"
"sel03_len_timevary_surf_flt2sex2.png","Surface plot of Male time-varying selectivity for South",NA,"Sel",2023-07-10 14:21:18,"StartTime: Wed Jun 21 19:56:42 2023"
"sel04_len_timevary_contour_flt2sex2.png","Countour plot of Male time-varying selectivity for South",NA,"Sel",2023-07-10 14:21:18,"StartTime: Wed Jun 21 19:56:42 2023"
"sel05_timevary_ret_surf_flt2sex2.png","Surface plot of Male time-varying retention for South",NA,"Sel",2023-07-10 14:21:18,"StartTime: Wed Jun 21 19:56:42 2023"
"sel06_timevary_ret_contour_flt2sex2.png","Countour plot of Male time-varying retention for South",NA,"Sel",2023-07-10 14:21:18,"StartTime: Wed Jun 21 19:56:42 2023"
"sel09_len_flt2sex2.png","Male ending year selectivity for South",NA,"Sel",2023-07-10 14:21:18,"StartTime: Wed Jun 21 19:56:42 2023"
"sel09_len_flt3sex1.png","Female ending year selectivity for Triennial",NA,"Sel",2023-07-10 14:21:18,"StartTime: Wed Jun 21 19:56:42 2023"
"sel09_len_flt3sex2.png","Male ending year selectivity for Triennial",NA,"Sel",2023-07-10 14:21:18,"StartTime: Wed Jun 21 19:56:42 2023"
"sel09_len_flt4sex1.png","Female ending year selectivity for WCGBTS",NA,"Sel",2023-07-10 14:21:18,"StartTime: Wed Jun 21 19:56:42 2023"
"sel09_len_flt4sex2.png","Male ending year selectivity for WCGBTS",NA,"Sel",2023-07-10 14:21:18,"StartTime: Wed Jun 21 19:56:42 2023"
"sel21_agelen_contour_flt1sex1.png","Female ending year selectivity and growth for North",NA,"Sel",2023-07-10 14:21:18,"StartTime: Wed Jun 21 19:56:42 2023"
"sel21_agelen_contour_flt1sex2.png","Male ending year selectivity and growth for North",NA,"Sel",2023-07-10 14:21:18,"StartTime: Wed Jun 21 19:56:42 2023"
"sel21_agelen_contour_flt2sex1.png","Female ending year selectivity and growth for South",NA,"Sel",2023-07-10 14:21:18,"StartTime: Wed Jun 21 19:56:42 2023"
"sel21_agelen_contour_flt2sex2.png","Male ending year selectivity and growth for South",NA,"Sel",2023-07-10 14:21:18,"StartTime: Wed Jun 21 19:56:42 2023"
"sel21_agelen_contour_flt3sex1.png","Female ending year selectivity and growth for Triennial",NA,"Sel",2023-07-10 14:21:18,"StartTime: Wed Jun 21 19:56:42 2023"
"sel21_agelen_contour_flt3sex2.png","Male ending year selectivity and growth for Triennial",NA,"Sel",2023-07-10 14:21:18,"StartTime: Wed Jun 21 19:56:42 2023"
"sel21_agelen_contour_flt4sex1.png","Female ending year selectivity and growth for WCGBTS",NA,"Sel",2023-07-10 14:21:18,"StartTime: Wed Jun 21 19:56:42 2023"
"sel21_agelen_contour_flt4sex2.png","Male ending year selectivity and growth for WCGBTS",NA,"Sel",2023-07-10 14:21:18,"StartTime: Wed Jun 21 19:56:42 2023"
"ts7_Spawning_output.png","Spawning output",NA,"Timeseries",2023-07-10 14:21:18,"StartTime: Wed Jun 21 19:56:42 2023"
"ts7_Spawning_output_with_95_asymptotic_intervals_intervals.png","Spawning output with ~95% asymptotic intervals",NA,"Timeseries",2023-07-10 14:21:18,"StartTime: Wed Jun 21 19:56:42 2023"
"ts9_Relative_spawning_output.png","Relative spawning output: B/B_0",NA,"Timeseries",2023-07-10 14:21:18,"StartTime: Wed Jun 21 19:56:42 2023"
"ts9_Relative_spawning_output_intervals.png","Relative spawning output: B/B_0 with ~95% asymptotic intervals",NA,"Timeseries",2023-07-10 14:21:18,"StartTime: Wed Jun 21 19:56:42 2023"
"ts1_Total_biomass_(mt).png","Total biomass (mt)",NA,"Timeseries",2023-07-10 14:21:18,"StartTime: Wed Jun 21 19:56:42 2023"
"ts4_Summary_biomass_(mt).png","Summary biomass (mt)",NA,"Timeseries",2023-07-10 14:21:18,"StartTime: Wed Jun 21 19:56:42 2023"
"ts11_Age-0_recruits_(1000s).png","Age-0 recruits (1,000s)",NA,"Timeseries",2023-07-10 14:21:18,"StartTime: Wed Jun 21 19:56:42 2023"
"ts11_Age-0_recruits_(1000s)_with_95_asymptotic_intervals.png","Age-0 recruits (1,000s) with ~95% asymptotic intervals",NA,"Timeseries",2023-07-10 14:21:18,"StartTime: Wed Jun 21 19:56:42 2023"
"ts_summaryF.png","Summary F (definition of F depends on setting in starter.ss)",NA,"Timeseries",2023-07-10 14:21:18,"StartTime: Wed Jun 21 19:56:42 2023"
"ts_DynamicB0.png","Dynamic B0 plot. The lower line shows the time series of estimated Spawning output in the presence of fishing mortality. The upper line shows the time series that could occur under the same dynamics (including deviations in recruitment), but without fishing. The point at the left represents the unfished equilibrium.",NA,"Timeseries",2023-07-10 14:21:18,"StartTime: Wed Jun 21 19:56:42 2023"
"recdevs1_points.png","Recruitment deviations",NA,"RecDev",2023-07-10 14:21:18,"StartTime: Wed Jun 21 19:56:42 2023"
"recdevs2_withbars.png","Recruitment deviations with 95% intervals",NA,"RecDev",2023-07-10 14:21:18,"StartTime: Wed Jun 21 19:56:42 2023"
"recdevs3_varcheck.png","Recruitment deviations variance check.<br> See later figure of transformed variance values for comparison with bias adjustment settings in the model.",NA,"RecDev",2023-07-10 14:21:18,"StartTime: Wed Jun 21 19:56:42 2023"
"recruit_fit_bias_adjust.png","Points are transformed variances. Red line shows current settings for bias adjustment specified in control file. Blue line shows least squares estimate of alternative bias adjustment relationship for recruitment deviations (which may or may not be an improvement. For more information, see<br> 
<blockquote>Methot, R.D. and Taylor, I.G., 2011. Adjusting for bias due to variability of estimated recruitments in fishery assessment models. <i>Can. J. Fish. Aquat. Sci.</i>, 68:1744-1760.</blockquote><br> 
Estimated alternative inputs to SS control file associated with blue line in figure: 
<pre>1886.2   #_last_early_yr_nobias_adj_in_MPD 
2019.1   #_first_yr_fullbias_adj_in_MPD 
2019.2   #_last_yr_fullbias_adj_in_MPD 
2019.3   #_first_recent_yr_nobias_adj_in_MPD 
0.72  #_max_bias_adj_in_MPD (1.0 to mimic pre-2009 models) </pre>",NA,"RecDev",2023-07-10 14:21:18,"StartTime: Wed Jun 21 19:56:42 2023"
"SR_curve.png","Stock-recruit curve.  Point colors indicate year, with warmer colors indicating earlier years and cooler colors in showing later years.",NA,"S-R",2023-07-10 14:21:18,"StartTime: Wed Jun 21 19:56:42 2023"
"SR_curve2.png","Stock-recruit curve with labels on first, last, and years with (log) deviations > 0.5. Point colors indicate year, with warmer colors indicating earlier years and cooler colors in showing later years.",NA,"S-R",2023-07-10 14:21:18,"StartTime: Wed Jun 21 19:56:42 2023"
"SR_resids.png","Deviations around the stock-recruit curve. Labels are on first, last, and years with (log) deviations > 0.5. Point colors indicate year, with warmer colors indicating earlier years and cooler colors in showing later years.",NA,"S-R",2023-07-10 14:21:18,"StartTime: Wed Jun 21 19:56:42 2023"
"catch1 landings.png","landings",NA,"Catch",2023-07-10 14:21:18,"StartTime: Wed Jun 21 19:56:42 2023"
"catch2 landings stacked.png","landings stacked",NA,"Catch",2023-07-10 14:21:18,"StartTime: Wed Jun 21 19:56:42 2023"
"catch4 total catch (including discards).png","total catch (including discards)",NA,"Catch",2023-07-10 14:21:18,"StartTime: Wed Jun 21 19:56:42 2023"
"catch5 total catch (including discards) stacked.png","total catch (including discards) stacked",NA,"Catch",2023-07-10 14:21:18,"StartTime: Wed Jun 21 19:56:42 2023"
"catch6 discards.png","discards",NA,"Catch",2023-07-10 14:21:18,"StartTime: Wed Jun 21 19:56:42 2023"
"catch7 discards stacked plot (depends on multiple fleets).png","discards stacked plot (depends on multiple fleets)",NA,"Catch",2023-07-10 14:21:18,"StartTime: Wed Jun 21 19:56:42 2023"
"catch8 discard fraction.png","discard fraction",NA,"Catch",2023-07-10 14:21:18,"StartTime: Wed Jun 21 19:56:42 2023"
"catch9 harvest rate.png","harvest rate",NA,"Catch",2023-07-10 14:21:18,"StartTime: Wed Jun 21 19:56:42 2023"
"catch16 landings + dead discards.png"," landings + dead discards",NA,"Catch",2023-07-10 14:21:18,"StartTime: Wed Jun 21 19:56:42 2023"
"SPR1_series.png","Timeseries of SPR. Horizontal line is at SPR target: 0.3",NA,"SPR",2023-07-10 14:21:18,"StartTime: Wed Jun 21 19:56:42 2023"
"SPR2_minusSPRseries.png","Timeseries of 1-SPR. Horizontal line is at 1 - SPR target: 1 - 0.3 = 0.7",NA,"SPR",2023-07-10 14:21:18,"StartTime: Wed Jun 21 19:56:42 2023"
"SPR3_ratiointerval.png","Timeseries of SPR ratio: 1-SPR",NA,"SPR",2023-07-10 14:21:18,"StartTime: Wed Jun 21 19:56:42 2023"
"SPR4_phase.png","Phase plot of biomass ratio vs. SPR ratio.<br> Each point represents the biomass ratio at the start of the year and the relative fishing intensity in that same year. Warmer colors (red) represent early years and colder colors (blue) represent recent years. Lines through the final point show 95% intervals based on the asymptotic uncertainty for each dimension. The shaded ellipse is a 95% region which accounts for the estimated correlation between the two quantities: -0.824. The vertical line at 0.25 indicates the reference point as defined in the forecast.ss which can be removed from the plot via <code>SS_plots(..., btarg = -1)</code>. The horizontal line is at 1 - SPR target: 1 - 0.3 = 0.7. ",NA,"SPR",2023-07-10 14:21:18,"StartTime: Wed Jun 21 19:56:42 2023"
"discard_dataNorth.png","Discard fraction for North",NA,"Discard",2023-07-10 14:21:18,"StartTime: Wed Jun 21 19:56:42 2023"
"discard_fitNorth.png","Discard fraction for North",NA,"Discard",2023-07-10 14:21:18,"StartTime: Wed Jun 21 19:56:42 2023"
"discard_dataSouth.png","Discard fraction for South",NA,"Discard",2023-07-10 14:21:18,"StartTime: Wed Jun 21 19:56:42 2023"
"discard_fitSouth.png","Discard fraction for South",NA,"Discard",2023-07-10 14:21:18,"StartTime: Wed Jun 21 19:56:42 2023"
"bodywt_data_fltNorth.png","Mean weight in discard for North",NA,"Mnwt",2023-07-10 14:21:18,"StartTime: Wed Jun 21 19:56:42 2023"
"bodywt_fit_fltNorth.png","Mean weight in discard for North",NA,"Mnwt",2023-07-10 14:21:18,"StartTime: Wed Jun 21 19:56:42 2023"
"bodywt_data_fltSouth.png","Mean weight in discard for South",NA,"Mnwt",2023-07-10 14:21:18,"StartTime: Wed Jun 21 19:56:42 2023"
"bodywt_fit_fltSouth.png","Mean weight in discard for South",NA,"Mnwt",2023-07-10 14:21:18,"StartTime: Wed Jun 21 19:56:42 2023"
"index1_cpuedata_Triennial.png","Index data for Triennial. Lines indicate 95% uncertainty interval around index values based on the model assumption of lognormal error. Thicker lines (if present) indicate input uncertainty before addition of estimated additional uncertainty parameter.",NA,"Index",2023-07-10 14:21:18,"StartTime: Wed Jun 21 19:56:42 2023"
"index2_cpuefit_Triennial.png","Fit to index data for Triennial. Lines indicate 95% uncertainty interval around index values based on the model assumption of lognormal error. Thicker lines (if present) indicate input uncertainty before addition of estimated additional uncertainty parameter.",NA,"Index",2023-07-10 14:21:18,"StartTime: Wed Jun 21 19:56:42 2023"
"index3_obs_vs_exp_Triennial.png","Observed vs. expected index values with smoother for Triennial",NA,"Index",2023-07-10 14:21:18,"StartTime: Wed Jun 21 19:56:42 2023"
"index4_logcpuedata_Triennial.png","Log index data for Triennial. Lines indicate 95% uncertainty interval around index values based on the model assumption of lognormal error. Thicker lines (if present) indicate input uncertainty before addition of estimated additional uncertainty parameter.",NA,"Index",2023-07-10 14:21:18,"StartTime: Wed Jun 21 19:56:42 2023"
"index5_logcpuefit_Triennial.png","Fit to log index data on log scale for Triennial. Lines indicate 95% uncertainty interval around index values based on the model assumption of lognormal error. Thicker lines (if present) indicate input uncertainty before addition of estimated additional uncertainty parameter.",NA,"Index",2023-07-10 14:21:18,"StartTime: Wed Jun 21 19:56:42 2023"
"index6_log_obs_vs_exp_Triennial.png","log(observed) vs. log(expected) index values with smoother for Triennial",NA,"Index",2023-07-10 14:21:18,"StartTime: Wed Jun 21 19:56:42 2023"
"index10_resids_SE_total_Triennial.png","Residuals of fit to index for Triennial.<br>Values are (log(Obs) - log(Exp))/SE where SE is the total standard error including any estimated additional uncertainty.",NA,"Index",2023-07-10 14:21:18,"StartTime: Wed Jun 21 19:56:42 2023"
"index12_resids_SE_total_Triennial.png","Deviations for fit to index for Triennial.<br>Values are log(Obs) - log(Exp) and thus independent of index uncertainty.",NA,"Index",2023-07-10 14:21:18,"StartTime: Wed Jun 21 19:56:42 2023"
"index1_cpuedata_WCGBTS.png","Index data for WCGBTS. Lines indicate 95% uncertainty interval around index values based on the model assumption of lognormal error. Thicker lines (if present) indicate input uncertainty before addition of estimated additional uncertainty parameter.",NA,"Index",2023-07-10 14:21:18,"StartTime: Wed Jun 21 19:56:42 2023"
"index2_cpuefit_WCGBTS.png","Fit to index data for WCGBTS. Lines indicate 95% uncertainty interval around index values based on the model assumption of lognormal error. Thicker lines (if present) indicate input uncertainty before addition of estimated additional uncertainty parameter.",NA,"Index",2023-07-10 14:21:18,"StartTime: Wed Jun 21 19:56:42 2023"
"index3_obs_vs_exp_WCGBTS.png","Observed vs. expected index values with smoother for WCGBTS",NA,"Index",2023-07-10 14:21:18,"StartTime: Wed Jun 21 19:56:42 2023"
"index4_logcpuedata_WCGBTS.png","Log index data for WCGBTS. Lines indicate 95% uncertainty interval around index values based on the model assumption of lognormal error. Thicker lines (if present) indicate input uncertainty before addition of estimated additional uncertainty parameter.",NA,"Index",2023-07-10 14:21:18,"StartTime: Wed Jun 21 19:56:42 2023"
"index5_logcpuefit_WCGBTS.png","Fit to log index data on log scale for WCGBTS. Lines indicate 95% uncertainty interval around index values based on the model assumption of lognormal error. Thicker lines (if present) indicate input uncertainty before addition of estimated additional uncertainty parameter.",NA,"Index",2023-07-10 14:21:18,"StartTime: Wed Jun 21 19:56:42 2023"
"index6_log_obs_vs_exp_WCGBTS.png","log(observed) vs. log(expected) index values with smoother for WCGBTS",NA,"Index",2023-07-10 14:21:18,"StartTime: Wed Jun 21 19:56:42 2023"
"index10_resids_SE_total_WCGBTS.png","Residuals of fit to index for WCGBTS.<br>Values are (log(Obs) - log(Exp))/SE where SE is the total standard error including any estimated additional uncertainty.",NA,"Index",2023-07-10 14:21:18,"StartTime: Wed Jun 21 19:56:42 2023"
"index12_resids_SE_total_WCGBTS.png","Deviations for fit to index for WCGBTS.<br>Values are log(Obs) - log(Exp) and thus independent of index uncertainty.",NA,"Index",2023-07-10 14:21:18,"StartTime: Wed Jun 21 19:56:42 2023"
"index9_standcpueall.png","Standardized indices overlaid. Each index is rescaled to have mean observation = 1.0.",NA,"Index",2023-07-10 14:21:18,"StartTime: Wed Jun 21 19:56:42 2023"
"numbers1_sex1_beg.png","Beginning of year expected numbers at age of females in (max ~ 19.8 million)",NA,"Numbers",2023-07-10 14:21:18,"StartTime: Wed Jun 21 19:56:42 2023"
"numbers1_sex2_beg.png","Beginning of year expected numbers at age of males in (max ~ 19.8 million)",NA,"Numbers",2023-07-10 14:21:18,"StartTime: Wed Jun 21 19:56:42 2023"
"numbers2_meanage_beg.png","Beginning of year mean age in the population",NA,"Numbers",2023-07-10 14:21:18,"StartTime: Wed Jun 21 19:56:42 2023"
"numbers1_sex1_mid.png","Middle of year expected numbers at age of females in (max ~ 18.4 million)",NA,"Numbers",2023-07-10 14:21:18,"StartTime: Wed Jun 21 19:56:42 2023"
"numbers1_sex2_mid.png","Middle of year expected numbers at age of males in (max ~ 18.3 million)",NA,"Numbers",2023-07-10 14:21:18,"StartTime: Wed Jun 21 19:56:42 2023"
"numbers2_meanage_mid.png","Middle of year mean age in the population",NA,"Numbers",2023-07-10 14:21:18,"StartTime: Wed Jun 21 19:56:42 2023"
"numbers3_frac_female_age.png","Fraction female in numbers at age",NA,"Numbers",2023-07-10 14:21:18,"StartTime: Wed Jun 21 19:56:42 2023"
"numbers6_len_sex1.png","Beginning of year expected numbers at length of females in (max ~ 18.5 million)",NA,"Numbers",2023-07-10 14:21:18,"StartTime: Wed Jun 21 19:56:42 2023"
"numbers6_len_sex2.png","Beginning of year expected numbers at length of males in (max ~ 18.5 million)",NA,"Numbers",2023-07-10 14:21:18,"StartTime: Wed Jun 21 19:56:42 2023"
"numbers7_meanlen.png","Beginning of year mean length (cm) in the population",NA,"Numbers",2023-07-10 14:21:18,"StartTime: Wed Jun 21 19:56:42 2023"
"numbers6_len_sex1.png","Middle of year expected numbers at length of females in (max ~ 9.7 million)",NA,"Numbers",2023-07-10 14:21:18,"StartTime: Wed Jun 21 19:56:42 2023"
"numbers6_len_sex2.png","Middle of year expected numbers at length of males in (max ~ 9.8 million)",NA,"Numbers",2023-07-10 14:21:18,"StartTime: Wed Jun 21 19:56:42 2023"
"numbers7_meanlen.png","Middle of year mean length (cm) in the population",NA,"Numbers",2023-07-10 14:21:18,"StartTime: Wed Jun 21 19:56:42 2023"
"numbers8_frac_female_len.png","Fraction female in numbers at length",NA,"Numbers",2023-07-10 14:21:18,"StartTime: Wed Jun 21 19:56:42 2023"
"numbers4_equilagecomp.png","Equilibrium age distribution",NA,"Numbers",2023-07-10 14:21:18,"StartTime: Wed Jun 21 19:56:42 2023"
"numbers5_ageerrorSD.png","Ageing imprecision: SD of observed age (yr)",NA,"Numbers",2023-07-10 14:21:18,"StartTime: Wed Jun 21 19:56:42 2023"
"numbers5_ageerrorMeans.png","Ageing imprecision: Mean observed age (yr)",NA,"Numbers",2023-07-10 14:21:18,"StartTime: Wed Jun 21 19:56:42 2023"
"numbers10_ageerror_matrix_1.png","Distribution of observed age at true age 
 for ageing error type 1",NA,"Numbers",2023-07-10 14:21:18,"StartTime: Wed Jun 21 19:56:42 2023"
"numbers10_ageerror_matrix_2.png","Distribution of observed age at true age 
 for ageing error type 2",NA,"Numbers",2023-07-10 14:21:18,"StartTime: Wed Jun 21 19:56:42 2023"
"numbers10_ageerror_matrix_3.png","Distribution of observed age at true age 
 for ageing error type 3",NA,"Numbers",2023-07-10 14:21:18,"StartTime: Wed Jun 21 19:56:42 2023"
"numbers10_ageerror_matrix_4.png","Distribution of observed age at true age 
 for ageing error type 4",NA,"Numbers",2023-07-10 14:21:18,"StartTime: Wed Jun 21 19:56:42 2023"
"numbers10_ageerror_matrix_5.png","Distribution of observed age at true age 
 for ageing error type 5",NA,"Numbers",2023-07-10 14:21:18,"StartTime: Wed Jun 21 19:56:42 2023"
"numbers10_ageerror_matrix_6.png","Distribution of observed age at true age 
 for ageing error type 6",NA,"Numbers",2023-07-10 14:21:18,"StartTime: Wed Jun 21 19:56:42 2023"
"numbers10_ageerror_matrix_7.png","Distribution of observed age at true age 
 for ageing error type 7",NA,"Numbers",2023-07-10 14:21:18,"StartTime: Wed Jun 21 19:56:42 2023"
"numbers10_ageerror_matrix_8.png","Distribution of observed age at true age 
 for ageing error type 8",NA,"Numbers",2023-07-10 14:21:18,"StartTime: Wed Jun 21 19:56:42 2023"
"comp_lendat__aggregated_across_time.png","Length comp data, aggregated across time by fleet.
 <br> Labels 'retained' and 'discard' indicate discarded or retained sampled for each fleet. Panels without this designation represent the whole catch.
",NA,"CompDat",2023-07-10 14:21:18,"StartTime: Wed Jun 21 19:56:42 2023"
"comp_lendat__multi-fleet_comparison.png","Length comp data,  comparing across fleets",NA,"CompDat",2023-07-10 14:21:18,"StartTime: Wed Jun 21 19:56:42 2023"
"comp_lendat_flt1mkt2_page1.png","Length comp data, retained, North (plot 1 of 3).<br><br>'N adj.' is the input sample size after data-weighting adjustment. N eff. is the calculated effective sample size used in the McAllister-Ianelli tuning method.",NA,"CompDat",2023-07-10 14:21:18,"StartTime: Wed Jun 21 19:56:42 2023"
"comp_lendat_flt1mkt2_page2.png","Length comp data, retained, North (plot 1 of 3).<br><br>'N adj.' is the input sample size after data-weighting adjustment. N eff. is the calculated effective sample size used in the McAllister-Ianelli tuning method. (plot 2 of 3)",NA,"CompDat",2023-07-10 14:21:18,"StartTime: Wed Jun 21 19:56:42 2023"
"comp_lendat_flt1mkt2_page3.png","Length comp data, retained, North (plot 1 of 3).<br><br>'N adj.' is the input sample size after data-weighting adjustment. N eff. is the calculated effective sample size used in the McAllister-Ianelli tuning method. (plot 2 of 3) (plot 3 of 3)",NA,"CompDat",2023-07-10 14:21:18,"StartTime: Wed Jun 21 19:56:42 2023"
"comp_lendat_bubflt1mkt2_page3.png","Length comp data, retained, North (max=0.31) (plot 3 of 3)",NA,"CompDat",2023-07-10 14:21:18,"StartTime: Wed Jun 21 19:56:42 2023"
"comp_lendat_data_weighting_TA1.8_North.png","Mean length for North with 95% confidence intervals based on current sample sizes.",NA,"CompDat",2023-07-10 14:21:18,"StartTime: Wed Jun 21 19:56:42 2023"
"comp_lendat_flt1mkt1.png","Length comp data, discard, North.<br><br>'N adj.' is the input sample size after data-weighting adjustment. N eff. is the calculated effective sample size used in the McAllister-Ianelli tuning method.",NA,"CompDat",2023-07-10 14:21:18,"StartTime: Wed Jun 21 19:56:42 2023"
"comp_lendat_bubflt1mkt1.png","Length comp data, discard, North (max=0.42)",NA,"CompDat",2023-07-10 14:21:18,"StartTime: Wed Jun 21 19:56:42 2023"
"comp_lendat_data_weighting_TA1.8_North.png","Mean length for North with 95% confidence intervals based on current sample sizes.",NA,"CompDat",2023-07-10 14:21:18,"StartTime: Wed Jun 21 19:56:42 2023"
"comp_lendat_flt2mkt2_page1.png","Length comp data, retained, South (plot 1 of 3).<br><br>'N adj.' is the input sample size after data-weighting adjustment. N eff. is the calculated effective sample size used in the McAllister-Ianelli tuning method.",NA,"CompDat",2023-07-10 14:21:18,"StartTime: Wed Jun 21 19:56:42 2023"
"comp_lendat_flt2mkt2_page2.png","Length comp data, retained, South (plot 1 of 3).<br><br>'N adj.' is the input sample size after data-weighting adjustment. N eff. is the calculated effective sample size used in the McAllister-Ianelli tuning method. (plot 2 of 3)",NA,"CompDat",2023-07-10 14:21:18,"StartTime: Wed Jun 21 19:56:42 2023"
"comp_lendat_flt2mkt2_page3.png","Length comp data, retained, South (plot 1 of 3).<br><br>'N adj.' is the input sample size after data-weighting adjustment. N eff. is the calculated effective sample size used in the McAllister-Ianelli tuning method. (plot 2 of 3) (plot 3 of 3)",NA,"CompDat",2023-07-10 14:21:18,"StartTime: Wed Jun 21 19:56:42 2023"
"comp_lendat_bubflt2mkt2_page3.png","Length comp data, retained, South (max=0.22) (plot 3 of 3)",NA,"CompDat",2023-07-10 14:21:18,"StartTime: Wed Jun 21 19:56:42 2023"
"comp_lendat_data_weighting_TA1.8_South.png","Mean length for South with 95% confidence intervals based on current sample sizes.",NA,"CompDat",2023-07-10 14:21:18,"StartTime: Wed Jun 21 19:56:42 2023"
"comp_lendat_flt2mkt1.png","Length comp data, discard, South.<br><br>'N adj.' is the input sample size after data-weighting adjustment. N eff. is the calculated effective sample size used in the McAllister-Ianelli tuning method.",NA,"CompDat",2023-07-10 14:21:18,"StartTime: Wed Jun 21 19:56:42 2023"
"comp_lendat_bubflt2mkt1.png","Length comp data, discard, South (max=0.67)",NA,"CompDat",2023-07-10 14:21:18,"StartTime: Wed Jun 21 19:56:42 2023"
"comp_lendat_data_weighting_TA1.8_South.png","Mean length for South with 95% confidence intervals based on current sample sizes.",NA,"CompDat",2023-07-10 14:21:18,"StartTime: Wed Jun 21 19:56:42 2023"
"comp_lendat_flt3mkt0.png","Length comp data, whole catch, Triennial.<br><br>'N adj.' is the input sample size after data-weighting adjustment. N eff. is the calculated effective sample size used in the McAllister-Ianelli tuning method.",NA,"CompDat",2023-07-10 14:21:18,"StartTime: Wed Jun 21 19:56:42 2023"
"comp_lendat_bubflt3mkt0.png","Length comp data, whole catch, Triennial (max=0.11)",NA,"CompDat",2023-07-10 14:21:18,"StartTime: Wed Jun 21 19:56:42 2023"
"comp_lendat_data_weighting_TA1.8_Triennial.png","Mean length for Triennial with 95% confidence intervals based on current sample sizes.",NA,"CompDat",2023-07-10 14:21:18,"StartTime: Wed Jun 21 19:56:42 2023"
"comp_lendat_flt4mkt0.png","Length comp data, whole catch, WCGBTS.<br><br>'N adj.' is the input sample size after data-weighting adjustment. N eff. is the calculated effective sample size used in the McAllister-Ianelli tuning method.",NA,"CompDat",2023-07-10 14:21:18,"StartTime: Wed Jun 21 19:56:42 2023"
"comp_lendat_bubflt4mkt0.png","Length comp data, whole catch, WCGBTS (max=0.16)",NA,"CompDat",2023-07-10 14:21:18,"StartTime: Wed Jun 21 19:56:42 2023"
"comp_lendat_data_weighting_TA1.8_WCGBTS.png","Mean length for WCGBTS with 95% confidence intervals based on current sample sizes.",NA,"CompDat",2023-07-10 14:21:18,"StartTime: Wed Jun 21 19:56:42 2023"
"sexratio_data_len_flt1mkt2_page1.png","Sex ratios for length comps, retained, North (plot 1 of 3).<br>Observed sex ratios (points) with 75% intervals (vertical lines) calculated as a <a href='https://www.jstor.org/stable/2676784'>Jeffreys interval</a> based on the adjusted input sample size.",NA,"CompDat",2023-07-10 14:21:18,"StartTime: Wed Jun 21 19:56:42 2023"
"sexratio_data_len_flt1mkt2_page2.png","Sex ratios for length comps, retained, North (plot 1 of 3).<br>Observed sex ratios (points) with 75% intervals (vertical lines) calculated as a <a href='https://www.jstor.org/stable/2676784'>Jeffreys interval</a> based on the adjusted input sample size. (plot 2 of 3)",NA,"CompDat",2023-07-10 14:21:18,"StartTime: Wed Jun 21 19:56:42 2023"
"sexratio_data_len_flt1mkt2_page3.png","Sex ratios for length comps, retained, North (plot 1 of 3).<br>Observed sex ratios (points) with 75% intervals (vertical lines) calculated as a <a href='https://www.jstor.org/stable/2676784'>Jeffreys interval</a> based on the adjusted input sample size. (plot 2 of 3) (plot 3 of 3)",NA,"CompDat",2023-07-10 14:21:18,"StartTime: Wed Jun 21 19:56:42 2023"
"sexratio_data_len_flt1mkt1.png","Sex ratios for length comps, discard, North.<br>Observed sex ratios (points) with 75% intervals (vertical lines) calculated as a <a href='https://www.jstor.org/stable/2676784'>Jeffreys interval</a> based on the adjusted input sample size.",NA,"CompDat",2023-07-10 14:21:18,"StartTime: Wed Jun 21 19:56:42 2023"
"sexratio_data_len_flt2mkt2_page1.png","Sex ratios for length comps, retained, South (plot 1 of 3).<br>Observed sex ratios (points) with 75% intervals (vertical lines) calculated as a <a href='https://www.jstor.org/stable/2676784'>Jeffreys interval</a> based on the adjusted input sample size.",NA,"CompDat",2023-07-10 14:21:18,"StartTime: Wed Jun 21 19:56:42 2023"
"sexratio_data_len_flt2mkt2_page2.png","Sex ratios for length comps, retained, South (plot 1 of 3).<br>Observed sex ratios (points) with 75% intervals (vertical lines) calculated as a <a href='https://www.jstor.org/stable/2676784'>Jeffreys interval</a> based on the adjusted input sample size. (plot 2 of 3)",NA,"CompDat",2023-07-10 14:21:18,"StartTime: Wed Jun 21 19:56:42 2023"
"sexratio_data_len_flt2mkt2_page3.png","Sex ratios for length comps, retained, South (plot 1 of 3).<br>Observed sex ratios (points) with 75% intervals (vertical lines) calculated as a <a href='https://www.jstor.org/stable/2676784'>Jeffreys interval</a> based on the adjusted input sample size. (plot 2 of 3) (plot 3 of 3)",NA,"CompDat",2023-07-10 14:21:18,"StartTime: Wed Jun 21 19:56:42 2023"
"sexratio_data_len_flt2mkt1.png","Sex ratios for length comps, discard, South.<br>Observed sex ratios (points) with 75% intervals (vertical lines) calculated as a <a href='https://www.jstor.org/stable/2676784'>Jeffreys interval</a> based on the adjusted input sample size.",NA,"CompDat",2023-07-10 14:21:18,"StartTime: Wed Jun 21 19:56:42 2023"
"sexratio_data_len_flt3mkt0.png","Sex ratios for length comps, whole catch, Triennial.<br>Observed sex ratios (points) with 75% intervals (vertical lines) calculated as a <a href='https://www.jstor.org/stable/2676784'>Jeffreys interval</a> based on the adjusted input sample size.",NA,"CompDat",2023-07-10 14:21:18,"StartTime: Wed Jun 21 19:56:42 2023"
"sexratio_data_len_flt4mkt0.png","Sex ratios for length comps, whole catch, WCGBTS.<br>Observed sex ratios (points) with 75% intervals (vertical lines) calculated as a <a href='https://www.jstor.org/stable/2676784'>Jeffreys interval</a> based on the adjusted input sample size.",NA,"CompDat",2023-07-10 14:21:18,"StartTime: Wed Jun 21 19:56:42 2023"
"comp_agedat__aggregated_across_time.png","Age comp data, aggregated across time by fleet.
 <br> Labels 'retained' and 'discard' indicate discarded or retained sampled for each fleet. Panels without this designation represent the whole catch.
",NA,"CompDat",2023-07-10 14:21:18,"StartTime: Wed Jun 21 19:56:42 2023"
"comp_agedat__multi-fleet_comparison.png","Age comp data,  comparing across fleets",NA,"CompDat",2023-07-10 14:21:18,"StartTime: Wed Jun 21 19:56:42 2023"
"comp_agedat_flt1mkt2_page1.png","Age comp data, retained, North (plot 1 of 3).<br><br>'N adj.' is the input sample size after data-weighting adjustment. N eff. is the calculated effective sample size used in the McAllister-Ianelli tuning method.",NA,"CompDat",2023-07-10 14:21:18,"StartTime: Wed Jun 21 19:56:42 2023"
"comp_agedat_flt1mkt2_page2.png","Age comp data, retained, North (plot 1 of 3).<br><br>'N adj.' is the input sample size after data-weighting adjustment. N eff. is the calculated effective sample size used in the McAllister-Ianelli tuning method. (plot 2 of 3)",NA,"CompDat",2023-07-10 14:21:18,"StartTime: Wed Jun 21 19:56:42 2023"
"comp_agedat_flt1mkt2_page3.png","Age comp data, retained, North (plot 1 of 3).<br><br>'N adj.' is the input sample size after data-weighting adjustment. N eff. is the calculated effective sample size used in the McAllister-Ianelli tuning method. (plot 2 of 3) (plot 3 of 3)",NA,"CompDat",2023-07-10 14:21:18,"StartTime: Wed Jun 21 19:56:42 2023"
"comp_agedat_bubflt1mkt2_page3.png","Age comp data, retained, North (max=0.32) (plot 3 of 3)",NA,"CompDat",2023-07-10 14:21:18,"StartTime: Wed Jun 21 19:56:42 2023"
"comp_agedat_data_weighting_TA1.8_North.png","Mean age for North with 95% confidence intervals based on current sample sizes.",NA,"CompDat",2023-07-10 14:21:18,"StartTime: Wed Jun 21 19:56:42 2023"
"comp_agedat_flt2mkt2.png","Age comp data, retained, South.<br><br>'N adj.' is the input sample size after data-weighting adjustment. N eff. is the calculated effective sample size used in the McAllister-Ianelli tuning method.",NA,"CompDat",2023-07-10 14:21:18,"StartTime: Wed Jun 21 19:56:42 2023"
"comp_agedat_bubflt2mkt2.png","Age comp data, retained, South (max=0.33)",NA,"CompDat",2023-07-10 14:21:18,"StartTime: Wed Jun 21 19:56:42 2023"
"comp_agedat_data_weighting_TA1.8_South.png","Mean age for South with 95% confidence intervals based on current sample sizes.",NA,"CompDat",2023-07-10 14:21:18,"StartTime: Wed Jun 21 19:56:42 2023"
"comp_gstagedat_flt1mkt2_page1.png","Excluded age comp data, retained, North (plot 1 of 2).<br><br>'N adj.' is the input sample size after data-weighting adjustment. N eff. is the calculated effective sample size used in the McAllister-Ianelli tuning method.",NA,"CompDat",2023-07-10 14:21:18,"StartTime: Wed Jun 21 19:56:42 2023"
"comp_gstagedat_flt1mkt2_page2.png","Excluded age comp data, retained, North (plot 1 of 2).<br><br>'N adj.' is the input sample size after data-weighting adjustment. N eff. is the calculated effective sample size used in the McAllister-Ianelli tuning method. (plot 2 of 2)",NA,"CompDat",2023-07-10 14:21:18,"StartTime: Wed Jun 21 19:56:42 2023"
"comp_gstagedat_bubflt1mkt2_page2.png","Excluded age comp data, retained, North (max=0.35) (plot 2 of 2)",NA,"CompDat",2023-07-10 14:21:18,"StartTime: Wed Jun 21 19:56:42 2023"
"comp_gstagedat_flt2mkt2.png","Excluded age comp data, retained, South.<br><br>'N adj.' is the input sample size after data-weighting adjustment. N eff. is the calculated effective sample size used in the McAllister-Ianelli tuning method.",NA,"CompDat",2023-07-10 14:21:18,"StartTime: Wed Jun 21 19:56:42 2023"
"comp_gstagedat_bubflt2mkt2.png","Excluded age comp data, retained, South (max=0.43)",NA,"CompDat",2023-07-10 14:21:18,"StartTime: Wed Jun 21 19:56:42 2023"
"comp_gstagedat_flt4mkt0.png","Excluded age comp data, whole catch, WCGBTS.<br><br>'N adj.' is the input sample size after data-weighting adjustment. N eff. is the calculated effective sample size used in the McAllister-Ianelli tuning method.",NA,"CompDat",2023-07-10 14:21:18,"StartTime: Wed Jun 21 19:56:42 2023"
"comp_gstagedat_bubflt4mkt0.png","Excluded age comp data, whole catch, WCGBTS (max=0.32)",NA,"CompDat",2023-07-10 14:21:18,"StartTime: Wed Jun 21 19:56:42 2023"
"sexratio_data_age_flt1mkt2_page1.png","Sex ratios for age comps, retained, North (plot 1 of 2).<br>Observed sex ratios (points) with 75% intervals (vertical lines) calculated as a <a href='https://www.jstor.org/stable/2676784'>Jeffreys interval</a> based on the adjusted input sample size.",NA,"CompDat",2023-07-10 14:21:18,"StartTime: Wed Jun 21 19:56:42 2023"
"sexratio_data_age_flt1mkt2_page2.png","Sex ratios for age comps, retained, North (plot 1 of 2).<br>Observed sex ratios (points) with 75% intervals (vertical lines) calculated as a <a href='https://www.jstor.org/stable/2676784'>Jeffreys interval</a> based on the adjusted input sample size. (plot 2 of 2)",NA,"CompDat",2023-07-10 14:21:18,"StartTime: Wed Jun 21 19:56:42 2023"
"sexratio_data_age_flt2mkt2.png","Sex ratios for age comps, retained, South.<br>Observed sex ratios (points) with 75% intervals (vertical lines) calculated as a <a href='https://www.jstor.org/stable/2676784'>Jeffreys interval</a> based on the adjusted input sample size.",NA,"CompDat",2023-07-10 14:21:18,"StartTime: Wed Jun 21 19:56:42 2023"
"comp_condAALdat_bubflt4mkt0_page1.png","Conditional age-at-length data, whole catch, WCGBTS (max=0.98) (plot 1 of 2)",NA,"CompDat",2023-07-10 14:21:18,"StartTime: Wed Jun 21 19:56:42 2023"
"comp_condAALdat_bubflt4mkt0_page2.png","Conditional age-at-length data, whole catch, WCGBTS (max=0.98) (plot 2 of 2)",NA,"CompDat",2023-07-10 14:21:18,"StartTime: Wed Jun 21 19:56:42 2023"
"comp_lenfit__aggregated_across_time.png","Length comps, aggregated across time by fleet.
 <br> Labels 'retained' and 'discard' indicate discarded or retained sampled for each fleet. Panels without this designation represent the whole catch.
",NA,"LenComp",2023-07-10 14:21:18,"StartTime: Wed Jun 21 19:56:42 2023"
"comp_lenfit__multi-fleet_comparison.png","Pearson residuals,  comparing across fleets <br> 
Closed bubbles are positive residuals (observed > expected) and open bubbles are negative residuals (observed < expected).",NA,"LenComp",2023-07-10 14:21:18,"StartTime: Wed Jun 21 19:56:42 2023"
"comp_lenfit_flt1mkt2_page1.png","Length comps, retained, North (plot 1 of 3).<br><br>'N adj.' is the input sample size after data-weighting adjustment. N eff. is the calculated effective sample size used in the McAllister-Ianelli tuning method.",NA,"LenComp",2023-07-10 14:21:18,"StartTime: Wed Jun 21 19:56:42 2023"
"comp_lenfit_flt1mkt2_page2.png","Length comps, retained, North (plot 1 of 3).<br><br>'N adj.' is the input sample size after data-weighting adjustment. N eff. is the calculated effective sample size used in the McAllister-Ianelli tuning method. (plot 2 of 3)",NA,"LenComp",2023-07-10 14:21:18,"StartTime: Wed Jun 21 19:56:42 2023"
"comp_lenfit_flt1mkt2_page3.png","Length comps, retained, North (plot 1 of 3).<br><br>'N adj.' is the input sample size after data-weighting adjustment. N eff. is the calculated effective sample size used in the McAllister-Ianelli tuning method. (plot 2 of 3) (plot 3 of 3)",NA,"LenComp",2023-07-10 14:21:18,"StartTime: Wed Jun 21 19:56:42 2023"
"comp_lenfit_residsflt1mkt2_page3.png","Pearson residuals, retained, North (max=3.93) (plot 3 of 3) <br> 
Closed bubbles are positive residuals (observed > expected) and open bubbles are negative residuals (observed < expected).",NA,"LenComp",2023-07-10 14:21:18,"StartTime: Wed Jun 21 19:56:42 2023"
"comp_lenfit_sampsize_flt1mkt2.png","N-EffN comparison, Length comps, retained, North",NA,"LenComp",2023-07-10 14:21:18,"StartTime: Wed Jun 21 19:56:42 2023"
"comp_lenfit_data_weighting_TA1.8_North.png","Mean length for North with 95% confidence intervals based on current sample sizes.<br>Francis data weighting method TA1.8: thinner intervals (with capped ends) show result of further adjusting sample sizes based on suggested multiplier (with 95% interval) for len data from North:<br>0.9991 (0.7869-1.3509) <br>For more info, see  <a href=https://doi.org/10.1139/f2011-025> Francis (2011)</a>.",NA,"LenComp",2023-07-10 14:21:18,"StartTime: Wed Jun 21 19:56:42 2023"
"comp_lenfit_flt1mkt1.png","Length comps, discard, North.<br><br>'N adj.' is the input sample size after data-weighting adjustment. N eff. is the calculated effective sample size used in the McAllister-Ianelli tuning method.",NA,"LenComp",2023-07-10 14:21:18,"StartTime: Wed Jun 21 19:56:42 2023"
"comp_lenfit_residsflt1mkt1.png","Pearson residuals, discard, North (max=5.76) <br> 
Closed bubbles are positive residuals (observed > expected) and open bubbles are negative residuals (observed < expected).",NA,"LenComp",2023-07-10 14:21:18,"StartTime: Wed Jun 21 19:56:42 2023"
"comp_lenfit_sampsize_flt1mkt1.png","N-EffN comparison, Length comps, discard, North",NA,"LenComp",2023-07-10 14:21:18,"StartTime: Wed Jun 21 19:56:42 2023"
"comp_lenfit_data_weighting_TA1.8_North.png","Mean length for North with 95% confidence intervals based on current sample sizes.<br>Francis data weighting method TA1.8: thinner intervals (with capped ends) show result of further adjusting sample sizes based on suggested multiplier (with 95% interval) for len data from North:<br>0.9991 (0.7828-1.3787) <br>For more info, see  <a href=https://doi.org/10.1139/f2011-025> Francis (2011)</a>.",NA,"LenComp",2023-07-10 14:21:18,"StartTime: Wed Jun 21 19:56:42 2023"
"comp_lenfit_flt2mkt2_page1.png","Length comps, retained, South (plot 1 of 3).<br><br>'N adj.' is the input sample size after data-weighting adjustment. N eff. is the calculated effective sample size used in the McAllister-Ianelli tuning method.",NA,"LenComp",2023-07-10 14:21:18,"StartTime: Wed Jun 21 19:56:42 2023"
"comp_lenfit_flt2mkt2_page2.png","Length comps, retained, South (plot 1 of 3).<br><br>'N adj.' is the input sample size after data-weighting adjustment. N eff. is the calculated effective sample size used in the McAllister-Ianelli tuning method. (plot 2 of 3)",NA,"LenComp",2023-07-10 14:21:18,"StartTime: Wed Jun 21 19:56:42 2023"
"comp_lenfit_flt2mkt2_page3.png","Length comps, retained, South (plot 1 of 3).<br><br>'N adj.' is the input sample size after data-weighting adjustment. N eff. is the calculated effective sample size used in the McAllister-Ianelli tuning method. (plot 2 of 3) (plot 3 of 3)",NA,"LenComp",2023-07-10 14:21:18,"StartTime: Wed Jun 21 19:56:42 2023"
"comp_lenfit_residsflt2mkt2_page3.png","Pearson residuals, retained, South (max=3.56) (plot 3 of 3) <br> 
Closed bubbles are positive residuals (observed > expected) and open bubbles are negative residuals (observed < expected).",NA,"LenComp",2023-07-10 14:21:18,"StartTime: Wed Jun 21 19:56:42 2023"
"comp_lenfit_sampsize_flt2mkt2.png","N-EffN comparison, Length comps, retained, South",NA,"LenComp",2023-07-10 14:21:18,"StartTime: Wed Jun 21 19:56:42 2023"
"comp_lenfit_data_weighting_TA1.8_South.png","Mean length for South with 95% confidence intervals based on current sample sizes.<br>Francis data weighting method TA1.8: thinner intervals (with capped ends) show result of further adjusting sample sizes based on suggested multiplier (with 95% interval) for len data from South:<br>0.9997 (0.7584-1.427) <br>For more info, see  <a href=https://doi.org/10.1139/f2011-025> Francis (2011)</a>.",NA,"LenComp",2023-07-10 14:21:18,"StartTime: Wed Jun 21 19:56:42 2023"
"comp_lenfit_flt2mkt1.png","Length comps, discard, South.<br><br>'N adj.' is the input sample size after data-weighting adjustment. N eff. is the calculated effective sample size used in the McAllister-Ianelli tuning method.",NA,"LenComp",2023-07-10 14:21:18,"StartTime: Wed Jun 21 19:56:42 2023"
"comp_lenfit_residsflt2mkt1.png","Pearson residuals, discard, South (max=3.9) <br> 
Closed bubbles are positive residuals (observed > expected) and open bubbles are negative residuals (observed < expected).",NA,"LenComp",2023-07-10 14:21:18,"StartTime: Wed Jun 21 19:56:42 2023"
"comp_lenfit_sampsize_flt2mkt1.png","N-EffN comparison, Length comps, discard, South",NA,"LenComp",2023-07-10 14:21:18,"StartTime: Wed Jun 21 19:56:42 2023"
"comp_lenfit_data_weighting_TA1.8_South.png","Mean length for South with 95% confidence intervals based on current sample sizes.<br>Francis data weighting method TA1.8: thinner intervals (with capped ends) show result of further adjusting sample sizes based on suggested multiplier (with 95% interval) for len data from South:<br>0.9997 (0.7541-1.4505) <br>For more info, see  <a href=https://doi.org/10.1139/f2011-025> Francis (2011)</a>.",NA,"LenComp",2023-07-10 14:21:18,"StartTime: Wed Jun 21 19:56:42 2023"
"comp_lenfit_flt3mkt0.png","Length comps, whole catch, Triennial.<br><br>'N adj.' is the input sample size after data-weighting adjustment. N eff. is the calculated effective sample size used in the McAllister-Ianelli tuning method.",NA,"LenComp",2023-07-10 14:21:18,"StartTime: Wed Jun 21 19:56:42 2023"
"comp_lenfit_residsflt3mkt0.png","Pearson residuals, whole catch, Triennial (max=2.1) <br> 
Closed bubbles are positive residuals (observed > expected) and open bubbles are negative residuals (observed < expected).",NA,"LenComp",2023-07-10 14:21:18,"StartTime: Wed Jun 21 19:56:42 2023"
"comp_lenfit_sampsize_flt3mkt0.png","N-EffN comparison, Length comps, whole catch, Triennial",NA,"LenComp",2023-07-10 14:21:18,"StartTime: Wed Jun 21 19:56:42 2023"
"comp_lenfit_data_weighting_TA1.8_Triennial.png","Mean length for Triennial with 95% confidence intervals based on current sample sizes.<br>Francis data weighting method TA1.8: thinner intervals (with capped ends) show result of further adjusting sample sizes based on suggested multiplier (with 95% interval) for len data from Triennial:<br>1.004 (0.6413-5.9397) <br>For more info, see  <a href=https://doi.org/10.1139/f2011-025> Francis (2011)</a>.",NA,"LenComp",2023-07-10 14:21:18,"StartTime: Wed Jun 21 19:56:42 2023"
"comp_lenfit_flt4mkt0.png","Length comps, whole catch, WCGBTS.<br><br>'N adj.' is the input sample size after data-weighting adjustment. N eff. is the calculated effective sample size used in the McAllister-Ianelli tuning method.",NA,"LenComp",2023-07-10 14:21:18,"StartTime: Wed Jun 21 19:56:42 2023"
"comp_lenfit_residsflt4mkt0.png","Pearson residuals, whole catch, WCGBTS (max=5.12) <br> 
Closed bubbles are positive residuals (observed > expected) and open bubbles are negative residuals (observed < expected).",NA,"LenComp",2023-07-10 14:21:18,"StartTime: Wed Jun 21 19:56:42 2023"
"comp_lenfit_sampsize_flt4mkt0.png","N-EffN comparison, Length comps, whole catch, WCGBTS",NA,"LenComp",2023-07-10 14:21:18,"StartTime: Wed Jun 21 19:56:42 2023"
"comp_lenfit_data_weighting_TA1.8_WCGBTS.png","Mean length for WCGBTS with 95% confidence intervals based on current sample sizes.<br>Francis data weighting method TA1.8: thinner intervals (with capped ends) show result of further adjusting sample sizes based on suggested multiplier (with 95% interval) for len data from WCGBTS:<br>0.9993 (0.5116-3.9621) <br>For more info, see  <a href=https://doi.org/10.1139/f2011-025> Francis (2011)</a>.",NA,"LenComp",2023-07-10 14:21:18,"StartTime: Wed Jun 21 19:56:42 2023"
"sexratio_len_flt1mkt2_page1.png","Sex ratios for length comps, retained, North (plot 1 of 3).<br>Observed sex ratios (points) with 75% intervals (vertical lines) calculated as a <a href='https://www.jstor.org/stable/2676784'>Jeffreys interval</a> based on the adjusted input sample size. The model expectation is shown  in the purple line.",NA,"LenComp",2023-07-10 14:21:18,"StartTime: Wed Jun 21 19:56:42 2023"
"sexratio_len_flt1mkt2_page2.png","Sex ratios for length comps, retained, North (plot 1 of 3).<br>Observed sex ratios (points) with 75% intervals (vertical lines) calculated as a <a href='https://www.jstor.org/stable/2676784'>Jeffreys interval</a> based on the adjusted input sample size. The model expectation is shown  in the purple line. (plot 2 of 3)",NA,"LenComp",2023-07-10 14:21:18,"StartTime: Wed Jun 21 19:56:42 2023"
"sexratio_len_flt1mkt2_page3.png","Sex ratios for length comps, retained, North (plot 1 of 3).<br>Observed sex ratios (points) with 75% intervals (vertical lines) calculated as a <a href='https://www.jstor.org/stable/2676784'>Jeffreys interval</a> based on the adjusted input sample size. The model expectation is shown  in the purple line. (plot 2 of 3) (plot 3 of 3)",NA,"LenComp",2023-07-10 14:21:18,"StartTime: Wed Jun 21 19:56:42 2023"
"sexratio_len_flt1mkt1.png","Sex ratios for length comps, discard, North.<br>Observed sex ratios (points) with 75% intervals (vertical lines) calculated as a <a href='https://www.jstor.org/stable/2676784'>Jeffreys interval</a> based on the adjusted input sample size. The model expectation is shown  in the purple line.",NA,"LenComp",2023-07-10 14:21:18,"StartTime: Wed Jun 21 19:56:42 2023"
"sexratio_len_flt2mkt2_page1.png","Sex ratios for length comps, retained, South (plot 1 of 3).<br>Observed sex ratios (points) with 75% intervals (vertical lines) calculated as a <a href='https://www.jstor.org/stable/2676784'>Jeffreys interval</a> based on the adjusted input sample size. The model expectation is shown  in the purple line.",NA,"LenComp",2023-07-10 14:21:18,"StartTime: Wed Jun 21 19:56:42 2023"
"sexratio_len_flt2mkt2_page2.png","Sex ratios for length comps, retained, South (plot 1 of 3).<br>Observed sex ratios (points) with 75% intervals (vertical lines) calculated as a <a href='https://www.jstor.org/stable/2676784'>Jeffreys interval</a> based on the adjusted input sample size. The model expectation is shown  in the purple line. (plot 2 of 3)",NA,"LenComp",2023-07-10 14:21:18,"StartTime: Wed Jun 21 19:56:42 2023"
"sexratio_len_flt2mkt2_page3.png","Sex ratios for length comps, retained, South (plot 1 of 3).<br>Observed sex ratios (points) with 75% intervals (vertical lines) calculated as a <a href='https://www.jstor.org/stable/2676784'>Jeffreys interval</a> based on the adjusted input sample size. The model expectation is shown  in the purple line. (plot 2 of 3) (plot 3 of 3)",NA,"LenComp",2023-07-10 14:21:18,"StartTime: Wed Jun 21 19:56:42 2023"
"sexratio_len_flt2mkt1.png","Sex ratios for length comps, discard, South.<br>Observed sex ratios (points) with 75% intervals (vertical lines) calculated as a <a href='https://www.jstor.org/stable/2676784'>Jeffreys interval</a> based on the adjusted input sample size. The model expectation is shown  in the purple line.",NA,"LenComp",2023-07-10 14:21:18,"StartTime: Wed Jun 21 19:56:42 2023"
"sexratio_len_flt3mkt0.png","Sex ratios for length comps, whole catch, Triennial.<br>Observed sex ratios (points) with 75% intervals (vertical lines) calculated as a <a href='https://www.jstor.org/stable/2676784'>Jeffreys interval</a> based on the adjusted input sample size. The model expectation is shown  in the purple line.",NA,"LenComp",2023-07-10 14:21:18,"StartTime: Wed Jun 21 19:56:42 2023"
"sexratio_len_flt4mkt0.png","Sex ratios for length comps, whole catch, WCGBTS.<br>Observed sex ratios (points) with 75% intervals (vertical lines) calculated as a <a href='https://www.jstor.org/stable/2676784'>Jeffreys interval</a> based on the adjusted input sample size. The model expectation is shown  in the purple line.",NA,"LenComp",2023-07-10 14:21:18,"StartTime: Wed Jun 21 19:56:42 2023"
"comp_agefit__aggregated_across_time.png","Age comps, aggregated across time by fleet.
 <br> Labels 'retained' and 'discard' indicate discarded or retained sampled for each fleet. Panels without this designation represent the whole catch.
",NA,"AgeComp",2023-07-10 14:21:18,"StartTime: Wed Jun 21 19:56:42 2023"
"comp_agefit__multi-fleet_comparison.png","Pearson residuals,  comparing across fleets <br> 
Closed bubbles are positive residuals (observed > expected) and open bubbles are negative residuals (observed < expected).",NA,"AgeComp",2023-07-10 14:21:18,"StartTime: Wed Jun 21 19:56:42 2023"
"comp_agefit_flt1mkt2_page1.png","Age comps, retained, North (plot 1 of 3).<br><br>'N adj.' is the input sample size after data-weighting adjustment. N eff. is the calculated effective sample size used in the McAllister-Ianelli tuning method.",NA,"AgeComp",2023-07-10 14:21:18,"StartTime: Wed Jun 21 19:56:42 2023"
"comp_agefit_flt1mkt2_page2.png","Age comps, retained, North (plot 1 of 3).<br><br>'N adj.' is the input sample size after data-weighting adjustment. N eff. is the calculated effective sample size used in the McAllister-Ianelli tuning method. (plot 2 of 3)",NA,"AgeComp",2023-07-10 14:21:18,"StartTime: Wed Jun 21 19:56:42 2023"
"comp_agefit_flt1mkt2_page3.png","Age comps, retained, North (plot 1 of 3).<br><br>'N adj.' is the input sample size after data-weighting adjustment. N eff. is the calculated effective sample size used in the McAllister-Ianelli tuning method. (plot 2 of 3) (plot 3 of 3)",NA,"AgeComp",2023-07-10 14:21:18,"StartTime: Wed Jun 21 19:56:42 2023"
"comp_agefit_residsflt1mkt2_page3.png","Pearson residuals, retained, North (max=3.49) (plot 3 of 3) <br> 
Closed bubbles are positive residuals (observed > expected) and open bubbles are negative residuals (observed < expected).",NA,"AgeComp",2023-07-10 14:21:18,"StartTime: Wed Jun 21 19:56:42 2023"
"comp_agefit_sampsize_flt1mkt2.png","N-EffN comparison, Age comps, retained, North",NA,"AgeComp",2023-07-10 14:21:18,"StartTime: Wed Jun 21 19:56:42 2023"
"comp_agefit_data_weighting_TA1.8_North.png","Mean age for North with 95% confidence intervals based on current sample sizes.<br>Francis data weighting method TA1.8: thinner intervals (with capped ends) show result of further adjusting sample sizes based on suggested multiplier (with 95% interval) for age data from North:<br>1.0002 (0.6954-1.6989) <br>For more info, see  <a href=https://doi.org/10.1139/f2011-025> Francis (2011)</a>.",NA,"AgeComp",2023-07-10 14:21:18,"StartTime: Wed Jun 21 19:56:42 2023"
"comp_agefit_flt2mkt2.png","Age comps, retained, South.<br><br>'N adj.' is the input sample size after data-weighting adjustment. N eff. is the calculated effective sample size used in the McAllister-Ianelli tuning method.",NA,"AgeComp",2023-07-10 14:21:18,"StartTime: Wed Jun 21 19:56:42 2023"
"comp_agefit_residsflt2mkt2.png","Pearson residuals, retained, South (max=1.69) <br> 
Closed bubbles are positive residuals (observed > expected) and open bubbles are negative residuals (observed < expected).",NA,"AgeComp",2023-07-10 14:21:18,"StartTime: Wed Jun 21 19:56:42 2023"
"comp_agefit_sampsize_flt2mkt2.png","N-EffN comparison, Age comps, retained, South",NA,"AgeComp",2023-07-10 14:21:18,"StartTime: Wed Jun 21 19:56:42 2023"
"comp_agefit_data_weighting_TA1.8_South.png","Mean age for South with 95% confidence intervals based on current sample sizes.<br>Francis data weighting method TA1.8: thinner intervals (with capped ends) show result of further adjusting sample sizes based on suggested multiplier (with 95% interval) for age data from South:<br>1.0018 (0.7308-1.8612) <br>For more info, see  <a href=https://doi.org/10.1139/f2011-025> Francis (2011)</a>.",NA,"AgeComp",2023-07-10 14:21:18,"StartTime: Wed Jun 21 19:56:42 2023"
"comp_gstagefit_flt1mkt2_page1.png","Excluded age comps, retained, North (plot 1 of 2).<br><br>'N adj.' is the input sample size after data-weighting adjustment. N eff. is the calculated effective sample size used in the McAllister-Ianelli tuning method.",NA,"AgeComp",2023-07-10 14:21:18,"StartTime: Wed Jun 21 19:56:42 2023"
"comp_gstagefit_flt1mkt2_page2.png","Excluded age comps, retained, North (plot 1 of 2).<br><br>'N adj.' is the input sample size after data-weighting adjustment. N eff. is the calculated effective sample size used in the McAllister-Ianelli tuning method. (plot 2 of 2)",NA,"AgeComp",2023-07-10 14:21:18,"StartTime: Wed Jun 21 19:56:42 2023"
"comp_gstagefit_residsflt1mkt2_page2.png","Pearson residuals, retained, North (max=NA) (plot 2 of 2) <br> 
Closed bubbles are positive residuals (observed > expected) and open bubbles are negative residuals (observed < expected).",NA,"AgeComp",2023-07-10 14:21:18,"StartTime: Wed Jun 21 19:56:42 2023"
"comp_gstagefit_flt2mkt2.png","Excluded age comps, retained, South.<br><br>'N adj.' is the input sample size after data-weighting adjustment. N eff. is the calculated effective sample size used in the McAllister-Ianelli tuning method.",NA,"AgeComp",2023-07-10 14:21:18,"StartTime: Wed Jun 21 19:56:42 2023"
"comp_gstagefit_residsflt2mkt2.png","Pearson residuals, retained, South (max=NA) <br> 
Closed bubbles are positive residuals (observed > expected) and open bubbles are negative residuals (observed < expected).",NA,"AgeComp",2023-07-10 14:21:18,"StartTime: Wed Jun 21 19:56:42 2023"
"comp_gstagefit_flt4mkt0.png","Excluded age comps, whole catch, WCGBTS.<br><br>'N adj.' is the input sample size after data-weighting adjustment. N eff. is the calculated effective sample size used in the McAllister-Ianelli tuning method.",NA,"AgeComp",2023-07-10 14:21:18,"StartTime: Wed Jun 21 19:56:42 2023"
"comp_gstagefit_residsflt4mkt0.png","Pearson residuals, whole catch, WCGBTS (max=NA) <br> 
Closed bubbles are positive residuals (observed > expected) and open bubbles are negative residuals (observed < expected).",NA,"AgeComp",2023-07-10 14:21:18,"StartTime: Wed Jun 21 19:56:42 2023"
"sexratio_age_flt1mkt2_page1.png","Sex ratios for age comps, retained, North (plot 1 of 2).<br>Observed sex ratios (points) with 75% intervals (vertical lines) calculated as a <a href='https://www.jstor.org/stable/2676784'>Jeffreys interval</a> based on the adjusted input sample size. The model expectation is shown  in the purple line.",NA,"AgeComp",2023-07-10 14:21:18,"StartTime: Wed Jun 21 19:56:42 2023"
"sexratio_age_flt1mkt2_page2.png","Sex ratios for age comps, retained, North (plot 1 of 2).<br>Observed sex ratios (points) with 75% intervals (vertical lines) calculated as a <a href='https://www.jstor.org/stable/2676784'>Jeffreys interval</a> based on the adjusted input sample size. The model expectation is shown  in the purple line. (plot 2 of 2)",NA,"AgeComp",2023-07-10 14:21:18,"StartTime: Wed Jun 21 19:56:42 2023"
"sexratio_age_flt2mkt2.png","Sex ratios for age comps, retained, South.<br>Observed sex ratios (points) with 75% intervals (vertical lines) calculated as a <a href='https://www.jstor.org/stable/2676784'>Jeffreys interval</a> based on the adjusted input sample size. The model expectation is shown  in the purple line.",NA,"AgeComp",2023-07-10 14:21:18,"StartTime: Wed Jun 21 19:56:42 2023"
"comp_condAALfit_residsflt4mkt0_page1.png","Pearson residuals, whole catch, WCGBTS (max=3.63) (plot 1 of 2)",NA,"A@LComp",2023-07-10 14:21:18,"StartTime: Wed Jun 21 19:56:42 2023"
"comp_condAALfit_residsflt4mkt0_page2.png","Pearson residuals, whole catch, WCGBTS (max=3.63) (plot 2 of 2)",NA,"A@LComp",2023-07-10 14:21:18,"StartTime: Wed Jun 21 19:56:42 2023"
"comp_condAALfit_data_weighting_TA1.8_condAgeWCGBTS.png","Mean age from conditional data (aggregated across length bins) for WCGBTS with 95% confidence intervals  based on current samples sizes.<br>Francis data weighting method TA1.8: thinner intervals (with capped ends) show result of further adjusting sample sizes based on suggested multiplier (with 95% interval) for conditional age-at-length data from WCGBTS:<br>1.0004 (0.5929-2.453) <br>For more info, see  <a href=https://doi.org/10.1139/f2011-025> Francis (2011)</a> and  <a href=https://doi.org/10.1016/j.fishres.2015.12.006> Punt (2017)</a>.",NA,"A@LComp",2023-07-10 14:21:18,"StartTime: Wed Jun 21 19:56:42 2023"
"comp_condAALfit_Andre_plotsflt4mkt0_page1.png","Conditional AAL plot, whole catch, WCGBTS (plot 1 of 5)
These plots show mean age and std. dev. in conditional A@L.<br>Left plots are mean A@L by size-class (obs. and exp.) with 90% CIs based on adding 1.64 SE of mean to the data.<br>Right plots in each pair are SE of mean A@L (obs. and exp.) with 90% CIs based on the chi-square distribution.",NA,"A@LComp",2023-07-10 14:21:18,"StartTime: Wed Jun 21 19:56:42 2023"
"comp_condAALfit_Andre_plotsflt4mkt0_page2.png","Conditional AAL plot, whole catch, WCGBTS (plot 2 of 5)",NA,"A@LComp",2023-07-10 14:21:18,"StartTime: Wed Jun 21 19:56:42 2023"
"comp_condAALfit_Andre_plotsflt4mkt0_page3.png","Conditional AAL plot, whole catch, WCGBTS (plot 3 of 5)",NA,"A@LComp",2023-07-10 14:21:18,"StartTime: Wed Jun 21 19:56:42 2023"
"comp_condAALfit_Andre_plotsflt4mkt0_page4.png","Conditional AAL plot, whole catch, WCGBTS (plot 4 of 5)",NA,"A@LComp",2023-07-10 14:21:18,"StartTime: Wed Jun 21 19:56:42 2023"
"comp_condAALfit_Andre_plotsflt4mkt0_page5.png","Conditional AAL plot, whole catch, WCGBTS (plot 5 of 5)",NA,"A@LComp",2023-07-10 14:21:18,"StartTime: Wed Jun 21 19:56:42 2023"
"yield1_yield_curve.png","Yield curve",NA,"Yield",2023-07-10 14:21:18,"StartTime: Wed Jun 21 19:56:42 2023"
"yield2_yield_curve_with_refpoints.png","Yield curve with reference points",NA,"Yield",2023-07-10 14:21:18,"StartTime: Wed Jun 21 19:56:42 2023"
"yield3_surplus_production.png","Surplus production vs. biomass plot. For interpretation, see<br> <blockquote>Walters, Hilborn, and  Christensen, 2008, Surplus production dynamics in declining and recovering fish populations. <i>Can. J. Fish. Aquat. Sci.</i> 65: 2536-2551.</blockquote>",NA,"Yield",2023-07-10 14:21:18,"StartTime: Wed Jun 21 19:56:42 2023"
"yield4_YPR_timeseries.png","Time series of yield per recruit (kg)",NA,"Yield",2023-07-10 14:21:18,"StartTime: Wed Jun 21 19:56:42 2023"
"data_plot.png","Data presence by year for each fleet and data type.",NA,"Data",2023-07-10 14:21:18,"StartTime: Wed Jun 21 19:56:42 2023"
"data_plot2.png","Data presence by year for each fleet, where circle area is <br>  relative within a data type. Circles are proportional to <br>  total catch for catches; to precision for indices, discards, and <br>  mean body weight observations; and to total sample size for <br> compositions and mean weight- or length-at-age observations. <br> Observations excluded from the likelihood have <br> equal size for all years. <br> Note that since the circles are are scaled relative <br>  to maximum within each type, the scaling within separate plots <br>  should not be compared.",NA,"Data",2023-07-10 14:21:18,"StartTime: Wed Jun 21 19:56:42 2023"
"parameter_distributions_page1.png","Parameter distribution plots (plot 1 of 10). <br>Deviation parameters are not included. <br>Plotting range is equal to input limits on parameters. Use fitrange = TRUE to scale the range to the estimates.",NA,"Pars",2023-07-10 14:21:18,"StartTime: Wed Jun 21 19:56:42 2023"
"parameter_distributions_page2.png","Parameter distribution plots (plot 2 of 10).",NA,"Pars",2023-07-10 14:21:18,"StartTime: Wed Jun 21 19:56:42 2023"
"parameter_distributions_page3.png","Parameter distribution plots (plot 3 of 10).",NA,"Pars",2023-07-10 14:21:18,"StartTime: Wed Jun 21 19:56:42 2023"
"parameter_distributions_page4.png","Parameter distribution plots (plot 4 of 10).",NA,"Pars",2023-07-10 14:21:18,"StartTime: Wed Jun 21 19:56:42 2023"
"parameter_distributions_page5.png","Parameter distribution plots (plot 5 of 10).",NA,"Pars",2023-07-10 14:21:18,"StartTime: Wed Jun 21 19:56:42 2023"
"parameter_distributions_page6.png","Parameter distribution plots (plot 6 of 10).",NA,"Pars",2023-07-10 14:21:18,"StartTime: Wed Jun 21 19:56:42 2023"
"parameter_distributions_page7.png","Parameter distribution plots (plot 7 of 10).",NA,"Pars",2023-07-10 14:21:18,"StartTime: Wed Jun 21 19:56:42 2023"
"parameter_distributions_page9.png","Parameter distribution plots (plot 9 of 10).",NA,"Pars",2023-07-10 14:21:18,"StartTime: Wed Jun 21 19:56:42 2023"
"parameter_distributions_page10.png","Parameter distribution plots (plot 10 of 10).",NA,"Pars",2023-07-10 14:21:18,"StartTime: Wed Jun 21 19:56:42 2023"
"parameter_distributions_page11.png","Parameter distribution plots (plot 11 of 10).",NA,"Pars",2023-07-10 14:21:18,"StartTime: Wed Jun 21 19:56:42 2023"
"parameterchecks.html","<b>Estimated parameters (excluding deviation parameters)</b><br> Any parameter with a gradient value with an absolute value above 0.001 or a parameter on bounds is colored in red.",NA,"DiagnosticTables",2023-07-10 14:21:18,"StartTime: Wed Jun 21 19:56:42 2023"
"correlationcheck.html","<b>Highly correlated parameter pairs</b><br> Pairs of parameters with the  50  highest correlations, sorted by absolute value of the correlation. Correlations above 0.95 (in absolute value) are colored in red. These parameters may be confounded or may cause convergence issues.",NA,"DiagnosticTables",2023-07-10 14:21:18,"StartTime: Wed Jun 21 19:56:42 2023"
"lowcorrelationcheck.html","<b>Parameters with low correlations</b><br> Estimated parameters that are the least correlated with all other parameters. The correlation value represents the maximum correlation between the parameter in question and all other estimated parameters. Uncorrelated parameters may not be playing a significant role in the model. Maximum correlations below 0.01 are colored in red.",NA,"DiagnosticTables",2023-07-10 14:21:18,"StartTime: Wed Jun 21 19:56:42 2023"
